{
  "stage": 
    {
      "id": 999,
      "sheeps": [ 0, 1, 2, 3, 4, 5, 0, 1, 2, 3, 4, 5, 0, 1, 2, 3, 4, 5 ],
      "precents": [ 50, 50, 50, 50, 50, 50, 50, 50, 50, 50, 50, 50, 50, 50, 50, 50, 50, 50 ],
      "lifes": [ 40, 40, 40, 40, 40, 40, 27, 27, 27, 27, 27, 27, 90, 90, 90, 90, 90, 90 ],
      "speedShips": [ 2.0, 2.0, 2.0, 2.0, 2.0, 2.0, 3, 3, 3, 3, 3, 3, 1.6134884357452393, 1.7423254251480103, 1.7423250675201417, 1.613487958908081, 1.6134881973266602, 1.6134881973266602 ],
      "kTime": 200,
      "kSpeed": 200,
      "size": 999999,
      "startTime": 2.0,
      "kBonus": 1.113713026046753
    }
}